,X,Y,Z
0,7.324517560394427,3.6578371263107012,1693.6585717871226
1,7.838515547910719,8.214597468555066,46111.24997250915
2,7.149940804330664,0.07807121117457405,806.8123882194221
3,6.8127236010000045,9.404817705223454,88997.21070955362
4,5.5682751160950685,9.288328085118438,83263.34097458156
5,4.7409061978308795,1.6481664681388575,177.04177010079906
6,2.113776798231881,3.9603672218112287,1170.8236783060966
7,5.734823901271174,7.191087838295937,23419.145889802323
8,7.01721493256303,2.477397336668564,872.5954609776497
9,8.492649660100785,2.666615013111966,1781.2629433386758
10,9.2417898719424,3.2477775162888167,2705.377940863193
11,0.35601326998444205,1.2828864130085338,9.51392182365874
12,4.268847224457742,5.916581026355572,8796.86430458034
13,9.478463028470491,7.213535855842437,26018.27060482156
14,9.161191418996909,0.35378853276423206,2149.3612804519403
15,0.7899626585288932,9.440602783987881,89983.08963215511
16,6.194722831559475,2.629131512072834,615.4831419940876
17,4.139037828348922,6.5844459574392555,14933.626048173628
18,7.214933958794608,6.7801205266131035,18065.665696315875
19,4.427146626521701,8.2605907923206,46264.73803998436
20,6.392757412442508,8.725945635851671,61247.94233688057
21,5.136547248628816,0.6581640857733584,223.65840279702437
22,9.821044921075455,5.643478304201213,9805.863159682847
23,1.9477378940865842,7.041006838719735,20757.29458116885
24,4.017221726840576,5.979224635743993,9243.33207183289
25,9.445921876708622,9.229254361472531,82935.49147084005
26,4.143039343738499,3.726898898452642,953.1815487825694
27,9.029732718160489,2.6045050546085124,2206.8439119588747
28,6.189702901121754,3.237539362523252,891.1532951488546
29,8.22377539232416,4.801865810850304,4511.224352942153
30,0.15050333232224933,3.749303485004262,896.2951565860517
31,2.773264893296962,5.62504291079783,6765.437399332127
32,1.7932328423781085,9.839267206434684,110644.34812640515
33,0.10076874673997649,3.7344649739567313,879.2355409206256
34,1.913238292537438,9.923054848154859,115436.47774728149
35,2.2859384944060537,7.739839671111831,33322.01887433671
36,0.49055083605405336,6.549806395193613,14468.308902423603
37,0.4381994953871715,7.024234955395553,20523.904973295852
38,7.360009079493204,5.676391818620066,8009.722789256717
39,3.88915406673084,5.91792042275293,8772.421687923004
40,2.544374968931792,5.970476092506548,9105.044136718072
41,9.765375562137324,7.528790409551084,31935.2947914768
42,8.697627857149108,1.920357567315818,1801.526059029746
43,6.499853668492381,4.766436760983584,3520.192531410074
44,6.127843372955053,5.370913924721217,5812.1936891861105
45,9.619303378195815,1.9143886537301658,2667.9434807185194
46,1.211662889439099,4.366761104227197,1904.2978083623236
47,4.08877740462854,1.3262214575883213,97.28539265425269
48,3.72028369246559,4.314453240420716,1848.893029704693
49,7.752753628325247,1.4082173528959285,1126.347998256561
50,6.483308620693492,7.656275827122597,32139.206902191072
51,3.7839096938938734,8.895779240904092,66894.62183902491
52,2.5244903971444677,4.21166451665578,1596.8665112335495
53,3.24637565131407,7.601580291818918,30475.187144209245
54,4.826051078980576,2.788950138014794,374.5307863147703
55,0.33096838450560884,8.068423767302422,41038.15003162972
56,2.5251968951107076,3.267237020230792,456.64546154014306
57,1.5016108319741617,7.303540552360031,24928.270388440724
58,8.48162423178338,2.3912322442646063,1701.8116056091524
59,0.37306203308807406,4.54965864334815,2344.395738889755
60,3.822217724941661,0.46971101290615214,74.2927733903021
61,5.881718538837885,3.2257606455682373,797.9512127476584
62,9.07477046656857,1.5466379388735307,2098.866421295554
63,7.96310524194922,9.31764702107651,85591.76619778512
64,6.89478495752641,6.395727309648054,13567.458563015183
65,9.419656288955174,0.987353614206633,2411.9975884361234
66,0.499602674356342,6.483496438929997,13750.674232638316
67,3.5156794708387706,4.956601568103002,3630.2682433371992
68,2.2393670587293713,2.27647111576775,81.90266678017818
69,9.183125574499089,9.211663085784709,81900.67473473126
70,5.446354312484491,6.318451089595635,12361.66543954624
71,6.158618398990271,0.06822230639850102,450.5260117818169
72,1.4353649937052182,0.17531387117706632,7.738396529508862
73,9.671923415792113,0.7494806900705753,2672.946282470112
74,6.972281880376098,4.1542385640798845,2233.5225255057135
75,5.79755629502136,6.876629885522765,18811.894973155122
76,3.531126896550212,9.948215350743963,116949.1472530272
77,2.067581104326811,9.902155984672234,114226.1113979008
78,0.11806812068704486,6.954435728626679,19529.995857114507
79,3.149937551236104,5.997148799473888,9327.637157799927
80,6.992289952124083,4.72190359658578,3576.8356312029096
81,0.03385768403273204,2.945880948394387,273.96543288938796
82,9.784718391506681,7.0601971605248455,23972.221145851658
83,5.4578463856658574,0.040126094355835695,282.55161420823026
84,3.449886978743696,0.4694154453900268,51.549633565656706
85,5.598651996010734,3.465461975418248,910.9522496679567
86,0.9177280972472712,4.252582175677302,1669.5670086502173
87,8.735356620096251,1.0410663899045625,1790.8281051321983
88,9.56970105345554,6.113435726980658,12906.721102442621
89,5.16360462140613,2.813016056068809,436.91505607123446
90,3.6248614879340737,8.283795664187396,46844.62997861535
91,9.20275099259841,7.820732483603273,37414.9975309741
92,0.9160264822115305,5.038241622531471,3895.287216079268
93,5.901595662021352,5.82361822815392,8423.931585178656
94,4.789799812610114,4.983121701417805,3849.7289098790434
95,7.143725708115031,5.020642227942385,4657.279679730796
96,3.2192082137701297,4.067105278275061,1363.948864577499
97,5.923128122153982,2.08675011531502,436.21025391487393
98,1.5001899452789547,0.2461107074946689,7.86282236128359
99,2.551228135247532,4.7994010128471185,3061.0352167273454
100,7.682399956268055,6.670906393759344,16971.97055747538
101,7.576445818546312,0.9957213815623356,1020.7555789118716
102,7.774267180698093,0.29661888907437706,1123.1296586013382
103,5.160734187716826,7.254630152017406,24333.256207556686
104,9.41775334218796,0.4929038377628103,2400.4207822159647
105,7.603163788250484,1.6934321494124738,1055.6546860066833
106,1.2525213680783631,4.2734051933350194,1709.184971413634
107,9.914894886329785,4.156711626266177,4507.742907193697
108,6.911633804545971,4.6556777031740415,3350.113162869972
109,7.975522432486119,6.51104769770956,15339.347674251869
110,6.082307190245385,0.3134538421441191,429.4995466237358
111,7.634094923786262,6.333190322688092,13315.35648003011
112,6.762422313498454,1.6796311468948721,670.3699033000531
113,8.395709838968129,7.0202947282401675,22058.059399403013
114,1.1817701739145847,5.2295646741991515,4691.069510187011
115,7.705262414697188,9.517546147563799,94868.64372120981
116,5.5227201548102265,1.1036290908158197,297.42252985815543
117,0.3509413010508078,0.9123674692101447,6.068627619722996
118,1.089179941428654,9.221656321816717,80016.19184130759
119,8.713314116276944,1.0758547449767408,1773.6729095789324
120,2.859432981554071,3.8578027712433105,1041.2887262031602
121,8.479035933542635,2.3004825223317713,1682.319271105619
122,0.19708800135782467,9.835438087806352,110455.53233806381
123,8.25828821000351,1.827719869772464,1465.6709964989966
124,0.023833249555565983,5.16325686631273,4413.334330573846
125,2.1186938266982738,4.111098102968331,1410.405306820416
126,8.572915092893822,1.6554544859565268,1683.6672495169148
127,5.169126218931526,9.352405295886298,86080.31153642084
128,8.014572002979424,0.30572506849496306,1266.5361409345549
129,3.8499358824661902,1.8982533980380467,101.27073586957242
130,3.6183636070398393,0.06297675849137319,62.52266364293088
131,9.048219485594993,0.5913457960736324,2049.9911124032556
132,6.479211803496647,0.7930278502170718,550.9059933180756
133,1.8616146204900808,6.5720448614518725,14704.854567265687
134,2.9566956475643833,8.410917026070255,50515.637724660875
135,5.3281350431821615,6.029817012596059,9818.304510206777
136,1.9285837428609887,8.552541177374046,54897.53031153633
137,1.04412456726391,7.9298980343424885,37622.84828261809
138,9.429426324568835,0.7904313301563137,2417.9176640074656
139,7.585637550622439,8.043535394766232,41477.23175321006
140,0.9117945964359608,8.237114012475711,45500.117126275356
141,3.444853375607795,9.723958772965105,104346.97665571954
142,1.851910546802673,7.180763459204158,22901.121192611638
143,0.7855240699255628,9.321117434028421,84430.9410899603
144,1.704322360957231,2.293918430870927,80.04580874113552
145,1.0207253216304035,3.53321974372614,661.7913549628591
146,8.67852908510738,3.344633584185549,2275.058384992304
147,3.6193991190796124,5.424781835907426,5682.264809592266
148,9.542404715209932,4.400321045808317,4578.6894754978175
149,9.686039203272323,5.8347195055460555,10899.004411611868
150,5.557724819690236,1.1887289790373756,305.50989096072277
151,8.757746695302078,4.69910463204302,4604.845403540545
152,0.7656927376498435,7.901207541870885,36950.968801816416
153,7.4359013056199705,4.633314338929926,3532.29817241358
154,5.142669096279555,0.6757516404765862,224.63525137975984
155,8.086383548054505,9.583967171002746,98429.79294635724
156,9.162707953097746,8.327452047208064,50330.014621658986
157,9.711446848800733,4.323588950447952,4597.259842670476
158,5.252167574640731,6.197007991609659,11205.294766630697
159,6.35687179213226,9.2036205217428,79774.35832807784
160,5.118055939398624,8.25176279052208,46121.65192541292
161,5.279938286359382,7.611930754786299,30907.950942147945
162,9.365004437261819,9.372808534433469,89298.46144628449
163,4.190309402284644,6.252122999331846,11551.389209025108
164,4.278998685065362,7.142005350155579,22393.189896254175
165,9.808783790365961,4.9024016920340046,6305.697776857004
166,4.875982130018011,4.655231536239023,2799.6464981903937
167,3.8708688123935318,8.434604818335451,51280.57920014827
168,0.5576981005253812,2.354808797949133,91.29543314282185
169,9.23323878198072,7.0485815811585155,23202.140289722152
170,0.1237604274182924,0.164320243599394,5.315792772472237
171,8.203523629693724,6.097978824965246,11565.039985885713
172,0.8726777738432367,5.88364747326006,8459.914962620434
173,8.023530158093795,4.631061597903193,3867.482285395093
174,2.073178066821818,4.638708523408056,2576.4467648700343
175,4.995363018748354,3.151966110147365,570.4065528308142
176,7.957077017423206,3.089635539326113,1593.2566661857343
177,0.49494494755361607,6.514830810136947,14086.120040578046
178,9.919731409266738,0.576652050380716,2951.3731428329293
179,4.1431070536484675,9.075612962330165,73960.84420572895
180,2.834379667973581,8.625182851908926,57281.38750669274
181,7.814939452796694,8.887047993395894,67738.60247337715
182,8.837773418270956,7.9763843265640215,40712.14801973515
183,6.413493493460592,2.5065622619145964,651.6699893421076
184,2.4235163323527233,8.463623756276444,52105.71967057145
185,0.6000948052591337,4.5438993493293145,2327.2400116329286
186,1.0694070368403197,3.107701424870626,349.205061569007
187,9.72667826355974,8.852290941386592,68119.99855577761
188,0.26828507732708284,0.7589699236644598,5.792520646509642
189,7.165617988016654,8.05326734253596,41503.27446031171
190,9.800898217705216,0.23232498794508172,2806.631942433289
191,9.029086937202196,2.574694474589,2197.7694281509143
192,6.811669136709234,6.18402541792276,11542.884788127561
193,6.545642557111899,9.89626149630849,114501.68587983627
194,6.371930683248081,4.031466658399334,1800.7356945614702
195,9.721183451464876,8.771005153339589,65171.57376812552
196,4.428604340858493,3.9663316094784173,1296.761534477295
197,0.8913805805564479,1.6833489167763038,20.36381774419756
198,2.004622241786751,4.073842641037064,1346.9065544220462
199,5.285853240554962,0.293118067729512,249.63419243291304
200,2.1228700096986253,8.420321118403567,50783.227402422264
201,1.4359926988291993,0.608730801376729,6.957509552927847
202,8.030488902048894,8.016660918528823,41079.56959403536
203,1.818191466632153,5.1661957269055545,4412.336270076705
204,0.301745253578628,5.140662032537801,4314.086149903308
205,8.436220253014621,4.054395392194592,2907.477223731398
206,4.475837614943838,3.726546627371843,987.2953434410363
207,4.425599958751403,6.651743331593946,15738.427689661661
208,9.44058129270607,0.9296605397100921,2432.147049228886
209,2.257841533327344,7.277329106450167,24485.61625410193
210,6.823214236930428,8.668365109699346,59435.26819954182
211,7.631049060650671,1.611291414182644,1066.1809867072463
212,5.678154166681111,1.7584037178173995,349.3394047703095
213,2.8227065627444023,1.2006442332049017,27.210726890767795
214,9.477501710761619,7.966486908356706,41096.99961970605
215,0.19294106073956319,1.4576594836959655,13.773450523949819
216,5.850025563339912,7.210182504798367,23756.692179630183
217,5.689658723456814,3.268364948227588,779.5564034096693
218,9.973281473189616,4.971634659734287,6751.135840384798
219,6.596398612238053,1.4792830228661702,601.1834750665107
220,7.2497541653712965,9.48254898973783,92907.8739553425
221,9.198041662185894,1.7111690913222044,2222.8603095487365
222,3.2734547888109935,8.536514785261167,54413.58817367096
223,8.842364133326823,2.1393672224917615,1946.291283750382
224,9.777771053814195,3.3242446108522783,3327.8856986299497
225,3.571990196039546,6.474579442501517,13691.766772687686
226,7.819116646163011,5.9052615236993535,9811.723304037278
227,6.707436492732594,7.62191918370125,31521.224064592025
228,9.536992062792526,4.895429506689383,5975.864515679491
229,0.8633956382949359,6.294927470951986,11859.983388514092
230,8.32998829419355,6.455161168302991,14990.592739994001
231,8.709055019447305,8.777013702871281,64372.07898978651
232,3.168327181955053,3.8629255079080735,1059.0902240597568
233,5.628131053374998,2.114812130900022,368.61125194343185
234,3.6512839752880155,2.403766516563761,153.0507175879516
235,4.603775798686202,8.660040608314112,58578.83919043908
236,4.729205504823886,1.4144412487879587,168.2622089333453
237,8.738256352027891,7.2495543449507425,25901.220046605515
238,9.658689902640688,8.712163414289426,63036.74042535633
239,0.9727154241388358,8.221133320591262,45059.60697339134
240,1.2416838626902171,2.5824826256914433,139.87697266684125
241,2.6907956203718686,1.2039329856097758,23.802427158880384
242,5.151395212266889,4.4678642972347244,2357.8363648078493
243,4.6473183955394255,0.7776326830540414,152.63808667428927
244,9.216909404095121,3.507481484273749,2888.6683341102857
245,4.814177731250265,4.364588284815234,2068.1872747067446
246,8.099537324702633,4.275817513218643,3072.992208875118
247,4.5304837217597695,5.578871781280366,6612.149875389938
248,4.025736038140385,0.06020342563359371,90.96076274628578
249,5.280325976073748,9.58013669942294,97077.2022814366
250,1.0215294730841684,8.1642452328673,43521.13540530367
251,8.599550632689171,6.314402032672901,13791.830847225057
252,6.060997703379166,6.1778212422042245,11228.928886075308
253,3.5442015249336545,6.013200687503726,9472.552342688105
254,0.1437060404150936,8.781983986138119,62692.69967074878
255,8.888591493977653,8.49758962914352,55189.02723969839
256,3.3208744021967496,1.0389798985172793,45.01396887495433
257,7.525148978999139,7.7408428668764895,34390.01295502072
258,5.483601378597712,8.021565340757626,40138.97929370359
259,7.307519097379731,6.282025576949376,12654.934842828667
260,5.461926094393505,4.051412905291809,1591.2585373059806
261,1.3983544047864171,9.510041641034535,93332.33704199606
262,5.61845506999561,2.2367717480883096,382.9962112402025
263,9.649231476438999,3.4616971525394193,3294.935720650351
264,9.071007258643126,6.1890610070753915,13051.118714255557
265,7.021711977057107,6.885908695844927,19360.162686060503
266,6.539771624325537,1.7074956211833403,591.1609970531533
267,4.274431613624077,0.1363382014469361,112.83791815250073
268,4.194110715239906,2.0116256802577057,139.3897738571702
269,4.7410530244127,4.520097615289881,2421.205913611298
270,2.4015886498093506,2.1086841232821927,61.518415822829624
271,4.362793119544698,3.599296161458878,837.4241890788279
272,9.665077754450525,7.2719434620999746,27189.63480925772
273,9.1121290020548,5.963473747487043,11240.05373229648
274,2.3096026628764266,1.8644093964466746,37.82496267470735
275,4.568060122009683,3.6708218536838775,935.903295585169
276,4.644037454063335,0.6926559241960129,152.2510235344415
277,9.17579194106909,1.872947488008756,2214.464343843399
278,7.755606123193852,4.759482809284456,4078.0985573268604
279,9.08714603194839,1.3356004456435533,2101.5779027829963
280,9.650793617626025,2.074871900513393,2720.4089459183747
281,4.3864890735196,8.950358524227934,69027.70079401581
282,2.2360875530580335,5.904857761310093,8611.126709060842
283,6.974602891046273,5.907751191092348,9393.157301906347
284,5.05644793424236,4.938649599273576,3729.8832431091555
285,8.134090454566099,6.576371478342478,16164.140269291862
286,7.536516383705215,5.094745623261762,5145.365071841469
287,1.209886251822968,7.892514950749279,36742.30196620709
288,7.55143251940697,3.568814739343227,1718.634412964945
289,1.2041642337198133,3.8029880882310896,954.6225234422947
290,6.307805419031344,9.07597963936315,74412.78815983143
291,5.294572838622017,7.427890533593153,27378.950334969086
292,0.74236910998979,3.705994285600397,841.2919030575691
293,6.094008057432014,3.0085386880403364,731.7728738611677
294,2.942967793068676,5.148478323600722,4355.060622490798
295,7.670290491481114,7.8945790777472125,37919.67626562558
296,5.39562247514514,3.088427266630908,605.546753579003
297,8.686703586775584,6.102520926365891,11970.35023378444
298,4.26079639555193,6.534440004798867,14390.246150237412
299,8.153281188625774,8.824985124324094,65670.4668191286
300,8.040412252777534,7.368021266686612,27405.244201668207
301,3.1033793022191825,6.4504868011580445,13416.347757238838
302,2.538363835590066,7.244873760501075,23948.248088425404
303,3.8507350852622846,5.516230637673339,6189.496246357697
304,6.562215820596048,2.0459115759290105,625.369417471542
305,9.311262955461995,2.45067882620143,2432.9243370453028
306,7.832780211726142,8.501902189813073,54528.14171176065
307,9.750721126168376,9.130988534556689,79089.32566297836
308,5.894508997480177,7.7833536344848575,34663.2403455932
309,3.1126178881180477,2.951933095314091,296.95891271739544
310,2.263332718856498,3.702747766470771,839.5801086214568
311,8.444154799817676,6.481948297105119,15357.633212421953
312,0.1757177769940954,7.584933294753987,30134.876250646466
313,4.13460148958384,7.543261461944676,29386.01803886525
314,4.257933608332852,7.603767902130908,30592.653987462792
315,8.032409144762719,6.023259421806087,10843.259916118051
316,1.7097421461965556,6.975246009717888,19805.51260233656
317,3.756356712266704,1.8378927331579342,90.56831697055772
318,4.619723997373095,4.266523428804408,1837.689278001703
319,3.3357645488949803,3.9610440543987924,1204.3485717057429
320,3.3104642048436395,5.444396896406221,5767.905391865179
321,8.627034946133556,7.31064650378679,26839.250569523076
322,2.223178361693,6.108983754103747,10206.057982670944
323,8.659383381340856,6.846590551926663,19854.467547989618
324,7.908010362849481,2.145075542356869,1271.5765334526327
325,5.018581321174765,3.65009697555522,977.5537170432436
326,0.5903968359231471,6.546949062998251,14435.280692372362
327,9.072229917802101,0.07636326281149963,2063.8702016266507
328,0.9798931168870251,8.120210596602703,42360.64999760888
329,5.865258688358228,5.1222008713192295,4606.987269119684
330,2.9595662697377456,0.8925324347191377,30.423558595202017
331,2.9597390744568264,8.049677011886118,40562.15623581553
332,2.3783891071483207,1.3757701469557049,19.541245501929435
333,6.261480797694675,1.3816809514390793,488.6590448340244
334,1.9517244478952533,0.84886056734227,10.10691261381465
335,3.301236770776569,4.017908981648551,1288.6561770406986
336,5.22213125386477,1.7690511809199883,257.84058374599744
337,1.8704001316408136,5.434833991111912,5685.672038124079
338,6.511108092280301,6.0035938588325,9934.263525719689
339,7.508627533278094,4.366132334314368,2910.4143856859328
340,5.144430382316386,0.5292649384587078,225.11485321886835
341,5.54895674884308,0.2944790717037382,300.98122202038104
342,3.9226253918552247,4.557881780088961,2429.542423655659
343,7.2957068044373665,0.6064790311703394,876.5225343906616
344,4.541854386818428,7.8279259928108775,35393.98024476781
345,7.183263766004048,0.14316860795582476,822.1096391711621
346,1.1470578348676908,3.8677500920802776,1038.6938640072526
347,1.1562202197732618,9.959022830628422,117550.51688980512
348,6.018700103859871,9.222957739434971,80503.1779911402
349,6.685965739777032,9.279093615745763,83199.0189948121
350,9.695492131831454,4.61109081502641,5273.145056027547
351,1.4301075179634903,7.32058997346689,25221.224646635594
352,6.511797425830119,3.2770811785538823,1021.7161521239962
353,7.642981493921419,3.045258478613595,1384.2762139186357
354,7.7503609661078565,7.2498302981270815,25197.438478130145
355,7.056852823972961,6.983501947896411,20730.84006680037
356,4.724979700975087,3.79694695990478,1103.2706875764188
357,7.235567657740669,0.02602421301993174,845.1449611100205
358,4.309373683861338,5.089576082359444,4200.969589526545
359,9.549415165453352,1.7790193555803269,2580.945307837173
360,1.48233865443959,6.7987722692676495,17423.924568743547
361,7.600584503618155,3.3491820164252326,1554.6887716159422
362,0.2649623315943539,1.6286309755618,19.55589160503972
363,5.998117345246781,3.010737633971723,706.2523409001494
364,0.48285513059489915,5.062478539221523,3994.098417022677
365,5.47647759350493,8.567087529073557,55661.6601191277
366,9.791308704189934,9.95486502242091,120302.22124970565
367,8.49685316715848,9.386858259819848,89155.06831924428
368,1.2695409858184825,7.754413866639741,33637.34087810444
369,8.579629675592775,7.738969929250262,35058.91868448819
370,0.7031330227134291,5.924472710633574,8759.224968224553
371,6.741471929346472,9.370442316314355,87365.85234715891
372,3.97432183220102,6.066890338041794,9931.765217977852
373,7.244620829730705,9.46346733346482,91983.34696625645
374,8.986314997889238,2.468812207050879,2132.2865928641404
375,2.9712823131850588,9.6550145947085,100680.14655673194
376,6.65380959386582,2.533500029411355,741.8068245380525
377,2.017202252321324,5.390308093295896,5457.3506096701985
378,0.005140842019989433,6.073666617543767,9929.245944308128
379,3.4469692552783595,9.289746924073928,83045.14220112457
380,4.851837397619972,6.10506914855661,10347.294566668232
381,7.499282495133245,8.920856262630636,68829.1962374407
382,2.102016531083203,2.7177041579118635,183.30312512722026
383,5.4368804397202455,8.59140376504108,56443.37161951142
384,7.322914850308699,6.495194537948067,14795.860830084692
385,8.932397243377789,6.856224092116982,20216.85998376255
386,4.094376107174909,7.4984729064551825,28522.69639715594
387,4.236269848883661,5.714825776598412,7408.487432443311
388,3.2351400287302656,6.555337954290393,14546.593216230873
389,9.623223518131308,6.698589134794321,18913.75076187189
390,1.9520311936357981,2.541029341182094,131.772804227746
391,7.2338094564849,3.8802942654224637,1921.024618606039
392,5.588819671410192,8.290390224199042,47303.63652503949
393,6.778458105722732,8.666557438109665,59355.61869147415
394,5.244111399771327,7.543194833052041,29541.52093036945
395,9.480810579474838,9.259873362073538,84315.39578681119
396,2.936472364396283,7.1824832721725524,22944.74547714172
397,6.1640799765069785,1.6276103937325748,467.9553021945096
398,1.41163878088159,3.6535399361949006,780.917602363542
399,0.6501410431507648,4.166471044194989,1509.3368548073447
400,2.501845240890339,6.963883540727683,19650.35353866997
401,9.851872265592554,6.374935400385272,15622.317785595376
402,9.013481664130554,7.711057817385958,34838.17608826138
403,8.510574215294618,5.7647869670871374,9309.417947340891
404,0.9715010512191224,9.633839715919269,99574.10453085575
405,4.497445451958084,7.380463637338512,26397.157476772525
406,0.8813767161104202,8.156322737616065,43312.523887334835
407,7.737453477613001,9.124645847554289,77073.92546711711
408,5.392860632964721,9.541840708758674,95180.4842168439
409,3.8325819250349014,0.20294608043940454,75.79751848688046
410,8.580569422267926,9.111376620235077,77117.79413959681
411,3.4228773272669,2.6335255739008554,195.08996071937486
412,2.8121666153595926,1.7385945927389357,41.202749855303345
413,0.7547900470169289,9.927659917293745,115718.31085534589
414,8.437314489384523,7.968397053901315,40188.900196989205
415,7.788524556638886,0.8397087711544637,1136.0450649658765
416,2.2368897957451086,6.730712811133039,16570.39336333674
417,1.0729409345373042,5.697711449710714,7203.00475249137
418,2.0044840036093268,3.951729121620975,1157.189399207496
419,6.882790635567718,6.161672781126616,11377.490660347887
420,8.929348577538391,9.54332925598177,97062.04218751751
421,2.67351216086447,3.248694455208796,447.5464234884164
422,4.00613675000263,2.324553376745838,164.223694782409
423,4.300226436987332,7.818865211006453,35161.966217303656
424,9.126437331166649,0.9261377801451298,2126.9423594807813
425,3.8849535519763414,7.262442309329663,24301.097256451587
426,1.9328612515210186,2.2070095897111983,68.17607277928045
427,0.5677689383170004,2.7856326463861283,205.3940900595511
428,9.797292297818432,9.649387767362027,103374.66095574295
429,3.2991989323499524,4.136997039746881,1485.9748916556075
430,1.08166835676077,3.905819833015196,1091.1806330984712
431,6.876424768340477,3.8633915522865414,1740.3891452159
432,2.5015806598106693,0.13157732782553166,20.066432795654414
433,1.751017248228498,2.8768941323170614,238.6080985914872
434,1.4342598514818206,0.8663069902512688,6.632495739941337
435,4.998057650020043,6.51175522019706,14242.275055953163
436,5.735845845274678,4.3520146262051,2216.4864786651838
437,8.44197009719942,6.114355111136561,11875.490526580837
438,5.906505599630977,4.115772068340625,1803.3278255013904
439,0.6002301207404215,8.462932482682504,52094.29297765357
440,8.302372058771311,8.603501109269727,58109.43631382998
441,8.945732162735741,7.534373914420858,31193.2649547128
442,0.9688475992247847,6.811508996155069,17592.0127625787
443,2.6732020578789872,3.5185168783518996,659.4413634520993
444,4.681379230382917,6.572946953098528,14866.944831681523
445,1.3101729173882104,8.223159918861896,45111.20234212444
446,1.3580182925836803,1.4375367287887753,12.021663173972089
447,5.8466992479683055,0.437942981687125,368.3755237925976
448,3.2682900005768802,9.226432120539144,80245.15957365758
449,8.206231287475152,4.141159673352428,2890.343075250259
450,9.732395977600826,9.60640892279873,101080.92017506345
451,6.162903433955743,9.382999395184742,87740.64371743442
452,2.4094105322747303,2.1329894212248366,64.36670632794723
453,3.621955031945039,6.222554529022432,11237.493174013756
454,6.996790734015238,6.024564965498602,10291.5926853245
455,0.13672565825571859,1.223106033114404,9.25053779351584
456,6.248252065588909,2.524763209443747,603.8767954288877
457,7.874319949450582,1.1795280744263226,1191.333928848456
458,9.606845306530596,5.487563633934194,8660.505945388355
459,0.8840499100286625,5.398620232406481,5502.357782643297
460,8.713853173250824,3.729149943000266,2671.745703822449
461,2.141713903975929,7.542467440814514,29282.576505427223
462,8.10828174623755,2.733302782272675,1532.0079636984242
463,1.2969083179065355,3.6575741216798185,785.3856438132723
464,1.680435181405232,2.8195530664454393,215.95220583388064
465,4.9790839699241225,3.785228346794608,1125.8044816873992
466,1.7906198106153748,5.420893912086364,5612.92310580157
467,1.7637156695593426,7.439566671791356,27337.363690490005
468,6.1749336045754974,6.099149742737096,10592.443643267783
469,2.193494062052479,9.523449585578431,93990.23004235514
470,9.207028185420027,3.3429733721630295,2740.6683893912264
471,9.525379458121998,2.0649277041688063,2584.3007510837233
472,6.824758699970948,4.559635756382741,3054.251076681749
473,6.936741414202561,3.8402264823509835,1734.708305607675
474,8.959966893018855,8.385615324335436,51840.402715356264
475,7.101977124501272,4.850464323891459,4030.9133438145914
476,5.026150742586415,9.724095433507362,104526.85565102221
477,4.088379247203178,7.80047650731322,34730.29933101704
478,0.0981342484095249,8.308679089167995,47527.28611630583
479,3.8460642092361406,5.908699426907948,8701.45139626388
480,1.3627602561902619,1.0456618744327073,7.097668322953514
481,2.1571806966985863,8.566370963173007,55343.66709931887
482,5.845396745898849,0.960477959773165,369.408057455058
483,8.48830258431565,2.4406143601043286,1717.3414548747326
484,3.109055310006502,8.663244259472986,58565.47500555492
485,9.141496192602776,7.921021032706035,39666.13191280324
486,1.8654900716045797,6.007525093747242,9383.969776829343
487,2.5989709009700768,6.192354718370934,10927.451177330275
488,8.373234875787578,9.832885136963313,111912.22176080909
489,7.085742191331415,7.367338639791356,26859.729797878415
490,7.605831380726871,7.473632879357086,29060.81749494169
491,6.5829006390600995,1.8366772200616677,614.0290587764733
492,1.6955550595549507,6.523718289525544,14171.915077424115
493,4.742619025937795,3.0997771680298216,503.38249677729254
494,3.9611031076074807,2.7271665852102087,258.8637770098452
495,0.157871414539138,5.9038671186281,8615.593086202576
496,4.222695458176729,5.491690267640013,6086.877378770423
497,8.074068020994364,7.144185265026962,23700.772998756896
498,0.4851739141453615,8.441217774194849,51431.691734852684
499,7.179724142840687,7.454857128355008,28488.713053646385
500,4.230324893314618,2.1049989015240556,152.738538085333
501,7.590861341156529,9.864339452028386,113167.68575989314
502,0.8032458861189851,9.78089369719417,107412.42149249342
503,0.5638058205172403,6.095829473111856,10102.900109693353
504,9.887528054557967,7.185518865609529,26033.530819529293
505,1.1300856083127697,0.14151702068471939,6.607326207323852
506,3.4267979431982454,2.6498096767646118,199.75562495496433
507,9.665089914801637,0.701151585882015,2664.398451254445
508,0.9230009461624411,7.688663833237927,32239.02689523701
509,8.346381335916423,0.037983322338935865,1483.6190491180103
510,3.148871871190887,7.8803093057078115,36478.79145108137
511,0.31921365271635915,1.9726734636823062,41.424748801688395
512,4.417640319019652,3.696155076305966,946.0388844115834
513,0.30132923969634073,1.536502237563293,15.908689373329446
514,6.2165193300882375,7.997397878239319,39738.05473719319
515,9.350087937069327,4.870096181646996,5693.377232130178
516,5.412598862900181,4.246713145705443,1928.6709695048412
517,1.1594680366508492,2.497196429627895,119.00681422112096
518,0.569749845841867,4.2639031720598055,1694.565891414321
519,6.589793290535853,4.357545674726153,2484.1881109751625
520,3.20647434738372,9.176902923347587,78112.13113852439
521,3.8647578183575293,9.783578692600784,107613.14517632716
522,8.469546821462707,8.484781738379725,54438.471501877306
523,5.789227220004425,9.838403703275285,110970.87763897786
524,6.2156457432911,6.5130620560503205,14541.50187294647
525,8.225223336553945,7.791223812553307,35930.62738625301
526,0.20359467209510873,6.272989579669042,11663.84459409076
527,2.0768653316818098,2.0153882867125414,47.15804287981197
528,8.064379910732036,3.9179120335631756,2439.1946044573224
529,6.055685617486607,4.588745991710716,2868.689998350812
530,7.613261553502353,2.9064196411103738,1301.6069441366326
531,1.9901044169571547,3.253044118427837,439.89243681527455
532,5.122888884982659,4.893839528203353,3584.5099987977005
533,6.205067066492175,5.713256391281006,7777.580401797125
534,4.560371320742291,6.686987615896134,16173.017767348894
535,8.68010931709274,3.0339818659836904,2078.611838556134
536,6.295262888234196,3.799570699607837,1447.9271067104307
537,1.8832381959047118,9.749956542980797,105712.42839735212
538,6.523069839094841,6.2912331702766515,12406.812591341759
539,6.567225875825259,8.795955197057689,63785.847039287364
540,7.145062195063518,3.7907679524921276,1763.0016277560087
541,2.213920558589171,7.750622798154825,33553.81961688364
542,0.516840727687774,9.20953230815132,79502.07812991015
543,0.9491791588287168,1.6900458646747007,20.647877599515773
544,8.168820435141278,7.0976001935945146,23046.555302217792
545,7.041951610612066,9.406744056783499,89188.45930713299
546,5.020192732173751,9.995078052718364,119896.05767906409
547,7.143502869131608,5.187374819561327,5337.302216805716
548,5.498283967998661,4.586100332439309,2723.3928757779654
549,8.110050142626497,5.834216110658686,9491.250542979531
550,1.362831730001075,3.6849187203720035,815.154065685598
551,9.107834424005878,2.4200179797249044,2231.2766816741364
552,7.97473265004942,9.100540375492498,76226.01179055136
553,8.204141596682849,4.395824769035579,3399.6346160698427
554,9.17404798707477,5.926354934101825,11020.461757844168
555,7.190539776733001,4.965001438550969,4471.3546567206195
556,9.011573946090113,2.872910145679728,2285.2633826093197
557,6.563332893755608,5.329988034232457,5754.118131627144
558,1.0270150394935107,3.0948527904087983,342.5647489220018
559,0.4005184284970942,3.5010222510327926,636.3057646012253
560,7.4241746377663915,8.325928325295314,48998.53116331255
561,3.250480478440857,7.440717395692088,27386.959929134173
562,3.233965175292759,4.322346975642699,1838.3612007579677
563,5.9896347532712415,1.6376135978343997,419.8433608745649
564,4.9763829331390355,5.717747993079771,7523.42811817268
565,1.7318856810283334,3.3920664790663357,539.7471536996293
566,8.112525076710975,0.14625358716488068,1327.2445644119318
567,3.9574010248199265,8.14101287069512,42972.35691962712
568,4.98548124896131,3.803497214297078,1149.742834298724
569,4.38474381517442,3.2243967453060396,534.311217641965
570,0.8023390849786727,0.31439110932841796,5.834936874695267
571,9.277927499621551,1.1582357853007341,2275.616034208902
572,0.3533390576911055,4.455557427697585,2112.584930439989
573,5.217102276316576,0.21697443340966127,237.9753259196595
574,0.44429227314956354,1.556829015971497,16.04792896821491
575,0.7433402340515716,4.099949093104421,1392.1152130807616
576,7.421509929002515,2.7003044095663498,1122.862184316219
577,4.28610336858262,7.971348967508942,38715.56365829493
578,5.014040922158088,5.7906636861041285,8009.317737832378
579,4.707263796064639,1.379277372730453,164.6800165266791
580,0.708603974405082,3.976817218996209,1196.023113899828
581,8.016482769743874,7.671844510912963,33226.4593730773
582,4.969749469242034,9.506275881279246,93343.83185722021
583,8.00270812793047,9.672298531754848,102928.40530267963
584,6.332654481319007,1.6752446695289347,521.0846113547054
585,8.162144453409274,7.3652631700875695,27439.305287935917
586,6.913212823778893,5.2827180042936455,5665.7972468669
587,5.198418353554204,6.821733615881918,17954.982153187808
588,8.510570477612463,1.7158149579348692,1639.7944889460641
589,6.135156148574067,2.7067945177108244,621.6747185352539
590,4.220529381284603,5.093835419931007,4209.214740521103
591,3.0998482343514002,4.371274535911818,1937.748352769244
592,6.700520629914916,5.924321730615479,9402.62947458253
593,4.139620039766091,3.906122132523242,1180.9050691442292
594,6.248028792286461,6.538351840589327,14826.998030086625
595,1.257924706962098,2.016848493494395,43.44454359138765
596,7.131595227094113,8.745905022645484,62247.553007561386
597,5.081936022438879,0.5924302781239477,214.7094476486469
598,1.6045940898257938,1.6167744663413508,18.295581403517286
599,1.9943026857783164,3.001942705549471,296.0392313181109
600,9.007332297080882,6.418971733204445,15175.36710663538
601,6.758551920318263,6.831990453001327,18532.543640296753
602,4.993172783043017,6.67853417171993,16135.114928080267
603,0.22008069192922197,1.014710206383539,6.906780685255583
604,5.124344668950903,8.181692884095401,44206.51275683207
605,3.4613838110890405,6.743261027174736,16762.392194930013
606,1.8098336379846236,2.7204969394961562,181.79544608050782
607,5.1119464377952255,9.703237370820215,103428.1190329338
608,5.213440511753792,9.617160350521557,98949.45824272446
609,8.697482295013614,1.0498652698224042,1760.4793062062286
610,7.781109588058701,9.038471639384658,73582.44172283026
611,9.316526410243013,3.7258972493309415,3214.6968398552426
612,9.849862428545075,8.635049838907257,60641.53992421023
613,1.9406175064156828,2.535707179012875,130.26923900177613
614,2.8473884792617667,3.619166408026971,761.9606006339835
615,2.544942091194664,8.120122128552167,42357.45963013897
616,5.658542782403594,1.6568190224524015,339.7500545248586
617,8.015468168546553,6.754183901794071,18192.969807839007
618,9.018165364666771,4.982586477187975,5772.5887456361
619,5.641350263375628,9.238564889974608,81082.30179821365
620,2.887767836144616,4.427438696253088,2056.2360146893343
621,7.529024348463379,7.635880568400041,32190.864104613695
622,0.21470171164175267,6.227679099899587,11248.708687823286
623,8.874230037758478,8.826420789988717,66295.78622985365
624,4.467597035229862,8.740922679578219,61342.21134475559
625,9.96739302854255,6.701409749095375,19353.656880759805
626,1.5476529312968823,7.869883438615551,36215.813370946766
627,9.81403305860649,9.845233190438828,114008.0026701176
628,6.221262351101,5.995424561012529,9774.223969157494
629,5.496019112550527,5.888155617019005,8781.299419545761
630,7.449311588024726,9.798112349965493,109376.05018060163
631,4.030808400089633,3.403070495470535,628.9541712098039
632,4.314529089140874,6.364009580017421,12626.746087346777
633,8.917299750483988,6.543866299431434,16418.126061220224
634,0.7062648088329115,5.638760195992987,6841.800853052892
635,5.294934796348486,4.582432468289371,2672.2610982938522
636,8.486290233538858,7.739763048972586,35002.058120672686
637,3.932165645325786,8.377933725030456,49587.75579098656
638,5.641291814298243,0.8534470426214313,321.3442481117615
639,9.986306732875063,8.308219197867395,50695.13375879381
640,5.526354748626858,8.98106291417748,70410.30585012249
641,6.767574624928666,1.6569618902480177,671.1227640252656
642,1.5032726766162718,8.314867288133094,47682.13042102613
643,1.7424953577567637,5.076825442036923,4043.340495154582
644,6.571655197949963,4.597419525542544,3057.587214040473
645,8.479718483193691,3.784229862345506,2553.925031716187
646,9.566176909282486,5.958825164085289,11668.31256809309
647,3.5976874864905604,4.4157446850068975,2061.546052098725
648,4.872517335944005,4.451191693189363,2272.785960053598
649,2.1268727684723476,5.194128097885943,4534.612607229003
650,8.425945344265024,5.559052979960181,7972.923910229872
651,2.0099260056593393,0.23401622257963384,11.850805283768107
652,0.7302770734379604,1.4178387081825294,11.47285248849765
653,1.66709633297219,1.1073818291548299,8.603453352014663
654,5.3235234506591524,7.705551264186318,32849.42785272984
655,4.503124131907221,1.1592014517590254,136.78107484916296
656,2.12793440067471,9.859136307539645,111766.32001977244
657,0.7410640838572824,0.178198529051099,5.763156489744492
658,7.741713912896132,4.9800302245301,4816.571646127356
659,6.678746566800332,0.4484501505435634,619.1861503161967
660,8.994976848322661,8.547390826175244,56863.54773985136
661,8.887906724031101,5.283607048450371,6916.179455372828
662,5.50866535691342,3.0423220807037166,604.6602899744908
663,2.437088220946817,2.5479629306316176,139.60349622458645
664,8.692516983798253,2.9299933648584697,2038.0841106315486
665,2.2371560648309297,3.158799256863629,382.71923608735455
666,6.061746200551683,0.33986926997272904,423.84574090282405
667,1.5958428307660422,6.442797582316561,13314.410317469416
668,5.983366434979489,5.947814616142058,9340.702490137093
669,6.361072362290871,1.085282392283512,514.6449476842795
670,5.69220072252095,3.454557100779927,922.9081020584815
671,9.792412088703564,7.967787765169707,41484.80879659049
672,1.3536121424890346,5.504679497380524,6061.07318761648
673,2.8767350791202118,0.8172768726106128,27.54939084587302
674,8.487355005971116,7.54373912125385,30988.578751984427
675,9.691587104653369,0.9730957454655831,2699.5260589467634
676,2.451279359744051,3.7525907207718623,899.8594324337498
677,3.5443967544699237,3.5045721790363817,681.0588405755524
678,3.619502139539823,3.9989523492081824,1276.7059908080334
679,2.8865960297812707,1.2453487905123828,29.59760969035544
680,9.809813089709381,6.239728157193945,14285.644269608301
681,1.2083151423208538,1.2636032793659835,8.600394254982161
682,7.656341600311062,3.5875025837954535,1794.6872295747123
683,7.834287193894545,8.025697337819219,41178.14845004552
684,6.17087232505024,9.344104699622665,85949.26712215999
685,2.2770325339564756,0.7545342218350504,14.18829314795375
686,6.859447999992112,8.526630505029797,54803.189534247766
687,4.403461438300257,6.927896559636259,19259.530118361894
688,2.884027451330234,1.2228826124866188,29.097472682216434
689,0.029726524923454622,8.878373830760758,66211.57640433148
690,6.907392937453763,1.8395059729581453,737.3026098996456
691,1.3246206318924147,0.41751318446613617,6.58018147877964
692,9.95322919002936,4.9035548624190275,6482.400375818939
693,5.781845129202439,8.433379027075446,51546.44212785891
694,5.188335864043193,1.6385376192782286,245.45468456530065
695,0.7360928161411695,4.1527930025729445,1484.3387639323362
696,1.7968687248331194,5.374656459631667,5377.5973413468355
697,0.7211588330497998,3.0844889248589458,338.17723790534933
698,9.452280874168947,9.2755090746556,84976.98790381405
699,9.411322996565577,9.410133943376811,91090.47355362936
700,8.981200905184236,7.276591051771051,26567.280521952536
701,0.9100393525152828,4.5247574253732745,2276.43773094053
702,5.418488129228046,1.2924879548022195,278.53490406364426
703,1.5676424153482993,4.745350070782367,2884.722850253046
704,6.03525058167698,3.1124925739112017,770.2139472627052
705,2.034301637249621,3.9812638288308366,1201.1348160170048
706,7.227990233852969,1.1451770532961891,850.1913770525395
707,8.86785044476664,4.686013159296301,4660.548269234218
708,3.207479025992397,5.16595622467484,4438.995441619096
709,6.387014812978253,1.655372108201224,537.218680878738
710,8.502684155273263,9.096496348670255,76441.71316066162
711,8.416862864603965,1.8605984760912841,1580.6726671954314
712,9.108834319116726,6.268336011470379,13803.959044228017
713,8.967815237026098,9.032030556698349,74228.40881669315
714,3.511516391810509,1.1584331446573803,55.23153794639573
715,8.314570372773531,8.838952435004312,66296.74048630791
716,4.095511590672981,3.519486462301696,734.7132064568476
717,0.42837460908990543,2.626237957515749,154.89846747196998
718,8.010863561738923,7.744098052839381,34753.72069820799
719,8.353779025337937,7.717795302899929,34430.37252361324
720,5.295515602243182,3.3667900932756964,767.9798238011908
721,7.590434369658227,8.348888461776752,49755.80765786834
722,6.2349907383875545,0.31939794447789827,473.07145776077834
723,7.376156910370488,8.339286327480558,49359.777535263005
724,7.764065030735297,1.295118978052603,1129.4857095834232
725,8.836975394342785,6.200359896631844,12939.766237354834
726,2.9489056495772923,8.163508715934375,43511.51734553727
727,9.682829643990523,7.681525711264159,34908.88372029577
728,6.675019334302003,1.9688886145357043,658.0808289311304
729,2.9333982823956495,3.844978723570974,1026.8352725214618
730,9.354750628566165,9.531276152652564,96880.8399221527
731,9.777399895385397,8.664599842701037,61547.66860220486
732,3.7877880289447132,0.9503556827959625,71.22015164760644
733,5.642157964579463,2.5515531139981107,450.56826050714557
734,7.051331977509515,5.80108035414365,8674.540311646362
735,6.981518523750889,5.12237554275956,4989.099035745009
736,3.9908527244417424,6.619805495217294,15323.188789558271
737,3.8848215232158467,5.288227818083248,5026.868015451316
738,0.4012157721157028,5.023994315553462,3845.6296206007823
739,5.357575095421833,5.603494795235954,6888.711942138133
740,5.7124036177231305,7.636677451639385,31505.51191762108
741,5.179340043622451,0.11102133349024434,231.24570544739174
742,3.7803932104545614,1.0656152701213806,71.20249611540858
743,1.9443909869259068,3.082012170360793,336.61507824627586
744,9.563412726638752,5.452364818858304,8422.980431762751
745,7.385974503841738,6.2651637014508745,12537.995355145491
746,5.161457282603386,4.39602377743884,2193.3948889509415
747,3.6377948897639687,8.008564897366911,39570.01617204413
748,9.348255784833446,8.45351013521719,54268.175893752756
749,4.824130347907236,8.053676012625992,40820.863503283304
750,7.217718985792683,1.2828757380223543,847.8056039065266
751,7.938618449638009,2.16179790049995,1292.6316417785554
752,0.6259285460013986,4.315671623822142,1799.3422084398949
753,0.18921161957125454,4.491411000047657,2200.489823204866
754,7.107065999340377,7.9202093150866,38226.113995478445
755,7.04856708348527,5.029757495907361,4649.17325253403
756,2.02197791717597,8.10865187918289,42053.50410878013
757,5.463834586843268,7.175950342720268,23114.40302222806
758,7.177640562441584,7.84649265574928,36550.76091224956
759,8.41138224392994,5.937891930675948,10453.346854049361
760,3.006300187395925,8.656673800016437,58340.27863453415
761,6.880041572311084,7.431920111662119,27930.758015177715
762,5.0795648079763485,5.10108512283858,4352.902960912765
763,0.9296692765700587,5.317204147142743,5099.358215567256
764,7.127915112954788,8.36291082986596,49925.97562889787
765,0.7678410743359065,0.13171161952717947,5.816028197555705
766,7.9815578281559505,2.6885475517274324,1435.7083192746716
767,0.047083438316478654,0.15523962988081563,5.239307344402226
768,2.577426579127745,5.117630071897462,4216.955411518787
769,0.8221153468557441,8.876551636642528,66127.04270701142
770,0.8191324340527517,6.976490653698582,19830.203570789283
771,4.01521633704262,1.9049531598201497,114.68623538044524
772,8.71096871879656,6.00140837400202,11175.080132900302
773,6.1752880911508,1.6014996006841697,470.05649277216764
774,8.064463492704757,1.0110945406674154,1305.6575792006795
775,2.228158140429736,4.153467025948294,1485.5839592586342
776,0.9921339452428424,8.137052125574172,42801.561884188355
777,8.680341820878766,7.855485775492244,37727.19560944646
778,6.622034947961231,5.373405537783786,5989.391969626303
779,4.636182245188244,1.403358925014343,156.02942057246108
780,9.19102647701174,7.053494332683981,23233.344433295184
781,5.0117717909867565,9.243897345748362,81185.26767123639
782,4.840900729130669,4.045604039825804,1472.4919247307887
783,0.32253961476030435,1.6415790349516945,19.831004476732573
784,1.621838879726638,1.7517612272310001,24.528831989124125
785,3.2812790661173508,9.647086319032947,100279.6923920021
786,4.227437551433717,5.994690538217986,9382.148299283113
787,8.902698160138257,2.212680752338186,2008.670285551331
788,6.566629767819467,2.0985948125496856,632.7556640271266
789,0.8536968111850829,7.850217260344517,35772.66303949825
790,0.7014143625943914,3.0480211376053292,318.8932094656864
791,8.90562704738572,9.920470618163142,117358.69483064408
792,9.908419034298399,7.110008896988384,24874.79383681136
793,5.160851013761192,5.243673622312634,4979.345434818732
794,6.035138568555193,4.901274524575589,3815.9119048989037
795,3.407029658054954,1.7060876540903758,62.67236912855735
796,2.22244943374256,8.60551035559798,56620.21770141002
797,1.1346531323660891,6.249140072838088,11432.048767995451
798,7.215111053071739,7.0096379159745865,21181.02580988242
799,2.2617696507137564,1.2854731002686637,16.208074093279812
800,4.551553182827361,7.252802150076359,24208.79228825064
801,1.6320576321329294,2.1991896422094968,65.49478211300439
802,5.29287785484279,8.196781762554647,44645.84481340706
803,8.445100886437915,0.7523032262049589,1562.3709386243318
804,0.9461262817824756,4.122619007990236,1429.7204428881114
805,5.260598907258805,8.09145219733751,41858.99627980755
806,9.071643685068526,6.845325215164372,20201.049768950772
807,1.7195980492914276,9.765406941782619,106553.17772543097
808,1.6001512072166546,3.2655197451018294,446.4872359916481
809,4.492308008732041,7.267593282409768,24447.981150702984
810,0.9787472038931677,4.645704733222633,2596.47549719361
811,2.2412529366423595,6.4791349590281815,13696.3123274696
812,6.260572129685106,0.6773328653346622,481.29659455763414
813,3.2736261645361675,4.170685716515992,1544.8965036355007
814,8.710755261343309,2.28518497114702,1860.0882950747143
815,0.7453926545170275,6.541604316678862,14374.523858397512
816,5.478129406188127,7.368983068303418,26358.25452072163
817,0.768910647732608,1.1623308753664818,7.58778045585374
818,0.3922804707028671,8.544177352242192,54647.301365055624
819,1.776564827360535,4.982021418008912,3679.862850859748
820,2.7295857871610094,6.480623173615976,13720.699643579614
821,9.403425132712295,3.013009175757453,2727.1255418599703
822,7.141808777335507,1.3939139993945826,816.1857454937099
823,6.469958882593727,6.817991385799217,18241.946267526255
824,0.6360879408148001,0.4066159061666563,5.454348073321444
825,8.780903037287171,5.484343936431008,7839.302220450841
826,0.6113351660784028,3.31185331507399,481.91851148384893
827,3.0576652845135923,7.186530015677873,23013.668795609134
828,6.124031072692178,3.1758769535333364,832.7879349852902
829,8.595062720473178,6.677733217716111,17681.045994618602
830,2.1753234283723124,0.49891400270916875,13.328045241550228
831,6.818248107023952,6.370262886156725,13281.859065916713
832,4.007447404410442,9.610983883895694,98466.7906279168
833,5.202700345123662,2.3328746566189285,315.9448354505341
834,0.24191523152665262,4.936087781100281,3523.221172294281
835,1.7402933030380974,6.281150581174454,11725.15139298646
836,3.0049233302041447,8.163091606422306,43502.17371524748
837,7.531544670649103,1.5914137078811863,1012.2263893293918
838,0.44031218149321316,5.5942971398604415,6579.50268551444
839,1.3132515910684817,2.346329690254305,87.84409333990469
840,1.224632207694023,7.42013472334572,26985.288711704685
841,4.266335293208662,8.735075663296175,61114.713778905905
842,6.671851473953606,5.3843223282297785,6063.031821635152
843,8.229124210206766,6.5441346101423195,15871.648816260491
844,7.2658505655112435,9.731247446323769,105631.97236470955
845,7.083024475098441,3.129862138561179,1152.795827706403
846,3.5702971747739367,2.2397317603604994,119.98824922588109
847,7.478038147312658,6.940977244342962,20339.425043191237
848,8.73553914115547,3.547488563135021,2496.1323717064256
849,4.977119787094528,0.21316096633759107,198.6863293461259
850,8.246854650985773,2.723425531580114,1622.2852387146672
851,8.022173289618415,4.653567120204673,3929.6360801990004
852,7.344103851768278,4.832114107548685,4086.0331091476746
853,1.8171561815222537,6.125176239608139,10339.81028942888
854,7.416080596324377,2.5835965421462825,1085.1121808802097
855,9.543658882131963,1.5727099823400714,2561.259054740587
856,4.169310299447188,7.033600853449169,20740.431589133408
857,4.380753810879155,3.673440205146953,917.0197279217217
858,0.8368479939671458,0.5431441103039469,5.497860750203129
859,7.153142614273527,2.2858310403657067,894.4443939756853
860,0.32108547101883156,9.66759562417134,101344.55557698676
861,1.9789141876628136,8.420587794782273,50790.734420406545
862,9.429524420780922,7.9587695788018,40859.44747421729
863,6.131951407693959,6.038161944279123,10083.076922827728
864,1.1998147494163391,3.0296021578573153,307.6850241538249
865,6.644595257697011,4.714435448800417,3414.7187288019113
866,6.93927761532724,8.347805923732253,49398.295925646344
867,0.8879236804336366,3.09006972907397,340.4349340985887
868,9.775726393632654,8.282098705485083,49695.77713871725
869,7.896560420121153,5.589096088115465,7783.947403065001
870,3.4262814794733467,7.0107304815617555,20351.70695647201
871,7.814712213666479,9.728569420203366,105797.3587284025
872,6.586487265861346,9.775725659598814,107747.10212757053
873,1.906159596748298,8.826577934369912,64275.947623771994
874,9.743790519642724,6.085051386110586,12866.648001684996
875,4.939194824925297,6.088869442962965,10226.529983498094
876,9.544886279012502,6.6904346898400355,18728.923548737086
877,1.744287999809837,1.3580847125568696,11.927851945826305
878,4.183512904805413,4.3719647428233515,2008.9496297722067
879,9.403792426959098,6.615262815472188,17693.172029087968
880,8.396132739398103,5.060065694434596,5554.980944316699
881,9.096940190813159,3.4760492286195257,2746.591289897231
882,4.313712717166695,5.1811527181612425,4583.588735393487
883,8.366828040736355,6.386805705325011,14319.77565227298
884,8.695046153996472,2.271895209009922,1845.1642638201665
885,9.074680634021457,7.995332533449005,41391.528238409854
886,7.038769103064595,9.93063963674726,116700.18250359311
887,9.703039850234633,5.427704603014258,8448.58918088918
888,9.731683451335146,7.712886812813361,35626.18815517961
889,8.185621843799758,1.3965479692309857,1393.7031478979673
890,4.635784205109133,6.68530436516627,16162.690475329979
891,4.643603723982115,3.4756504464683093,754.5048272495134
892,1.7330228399126346,9.290125942135262,83025.38870111419
893,8.971454557706897,6.153785275238195,12651.60454462518
894,2.414246375193544,3.3162527135637996,489.11778014141873
895,3.0029191711025294,5.525566643915284,6195.99866663691
896,4.1142821602709825,9.923850289325255,115570.03569507926
897,5.350756142786523,9.329618119173428,85075.67481871735
898,6.141794675760755,5.945961193751161,9372.503510001061
899,7.616423592192189,9.913809566993555,116021.49397848565
900,8.459794063328236,0.3485101181054584,1568.3869782603997
901,8.987105403998335,1.0377442904875078,2003.4645713307211
902,4.471590771381637,7.138719626209361,22363.514646857293
903,9.487771329799507,2.6963457140583094,2681.893469567114
904,7.2855727816634825,5.533516731951428,7125.267823706186
905,7.918690234152892,0.8544240107295209,1212.9243073581915
906,9.358028741839352,3.5010557854229907,3022.1934728952674
907,4.843768211419421,9.352646546190485,86035.44023690076
908,5.730981167902525,5.462176553453809,6176.811928007902
909,9.290509785736422,8.8983264723569,69357.27239880341
910,4.282363829179255,6.213634942099693,11212.22486360223
911,7.825697834838207,3.405046759566898,1727.231909097157
912,4.433042944495349,4.4289003556644975,2163.0786857020194
913,0.38163843011220333,8.543545203622646,54627.4982716269
914,3.871268301025509,2.6482819431529956,227.29965834276223
915,9.683793129543632,4.269100301437909,4453.701460141056
916,3.287915420907529,7.0518821440934065,20948.21772667624
917,9.492040338215325,0.4615011318116047,2475.9300414248105
918,3.1947038043121854,7.681106776420226,32099.834011195006
919,1.4792196681369862,6.232386073448675,11277.598333239606
920,5.5214996327075365,9.139276156059843,76806.52436320357
921,1.0148411322722173,7.486867632592656,28223.196884851895
922,1.7254404644273003,5.462084322234949,5829.3130021193865
923,2.913859239695041,7.680566494888797,32077.97932537556
924,4.651241780610208,0.5233274949790268,153.28949240585155
925,9.04059671084459,9.031408529062144,74271.51432487342
926,1.1136538686451658,0.40820293851166145,6.108680479652809
927,4.922041077211949,6.648920269687531,15773.033906747434
928,2.984709318355282,8.34976160771101,48706.99972420266
929,0.650417481895702,8.171588891654247,43723.38965087195
930,6.718463499936299,3.880557077311013,1701.2927862457923
931,8.162042280454944,5.513804221337338,7527.82177850419
932,2.2908149979811068,0.18790363466248183,15.854650836853112
933,1.5242078745848642,2.8364572152114844,222.0418201874814
934,2.1308191907404317,2.8088899402208556,215.34304535448265
935,0.05698752676407404,0.5433795458371327,5.702553889208648
936,2.8145812519314752,5.014401712934481,3815.0629084145758
937,1.5853053566382846,3.625935974343438,752.1018978887569
938,9.96251865136815,5.282401897791872,8035.219898108312
939,3.4350162433238918,8.28202721803698,46783.20171408276
940,6.239299481344457,3.79024781347552,1418.7325123057365
941,3.415329906174537,6.5382878725425115,14367.634294322575
942,2.2422275548580526,3.377548620323262,532.332546302029
943,0.651408304294433,7.633204193775769,31096.79960912153
944,2.497738260114425,7.416762423223181,26926.514028958565
945,1.9316073275546874,1.9183313159122495,37.38670322260804
946,0.8472688789771043,2.4001839831841556,98.95711684678743
947,8.574648887827799,9.65070158011757,102222.19916251597
948,0.987090521508921,5.652124667728598,6920.211287558135
949,0.2161813464637663,5.871181154111208,8379.124078243114
950,3.313063231566964,4.378926137504089,1963.5006699391586
951,1.697735420133295,5.418424737449811,5600.158449798651
952,3.5748848284719656,8.43484626723176,51267.02344516992
953,4.731267906372205,6.409764144727914,13135.337994469
954,0.20206042655985024,2.304658546881777,84.14950736526302
955,6.08339936874335,5.0520211153208,4384.823508624784
956,8.231683070250728,7.475618669315892,29497.154405293993
957,3.4163089043886052,5.8513846167783825,8262.992387818244
958,0.002513086644860829,9.956729884888343,117440.95354632751
959,9.3564096508384,6.892866528940024,21117.62997993751
960,5.264397582459449,0.2243760315128307,246.1308354513739
961,9.732026120665873,0.4619013301680541,2733.9006012632076
962,3.8361523637765425,1.4625627391712481,80.01774532223246
963,3.1935593944771923,2.92832108725234,289.5771075514618
964,1.1821192049919338,7.415593950581362,26903.419225713293
965,6.233487101166811,0.016460710456817074,471.9783151656403
966,7.706333659760002,4.054719511813864,2428.3879545311434
967,1.147137747764121,0.6786374136614515,5.800286969869364
968,3.5817227376462846,7.064971582395991,21158.82527537004
969,5.191576059585792,1.3788217972156103,238.066289795049
970,9.464683165441587,3.3023247006658263,2968.3538153132295
971,8.217056081415095,5.9525523439294155,10422.664205409032
972,0.5588655623609573,3.8846609287020395,1065.214357058332
973,3.163072973611775,9.042954833571816,72574.62227567434
974,4.62991826489673,3.6940522226542436,969.3462105944087
975,0.36146611003899043,4.422290051478375,2034.984329059609
976,4.048192325086083,5.648588078306651,6976.721684296079
977,1.996513029063387,6.84491424743605,18023.03245835001
978,4.127555067449502,6.9006248575954725,18856.714225841017
979,0.5034861828845638,0.13600251818358888,5.485204184269887
980,1.7808719172782739,6.390250772608134,12780.060146411266
981,4.877291801344693,0.34230067264178876,183.8859592623177
982,4.502273370376616,1.8214901221256252,156.52713568225897
983,8.604996583969687,0.705746625434237,1682.101189634312
984,3.3711483758416207,5.615505568048492,6730.9984809036505
985,0.957413427299465,8.91370296010747,67520.02530869997
986,3.0488808046278804,8.530479346277275,54212.03441007383
987,3.1351172930895466,9.071531250624172,73727.27984489225
988,1.5355075035333976,0.5345410084872315,7.336266079811174
989,8.547086142824279,1.0687041773301076,1643.5140058107486
990,7.5160860435624315,7.31639261787565,26187.48221263039
991,4.320898161348197,3.2695079074768882,557.4961687590156
992,8.4558483604027,3.4479448431711637,2185.6677204264897
993,4.596253619934515,4.77672865174127,3121.5422611748213
994,4.243007939992262,5.769012568705605,7762.516722601198
995,0.29913394024694284,6.164674407962972,10690.059102158728
996,1.1481612139008435,9.624313653398257,99079.78389591974
997,4.5229978881007815,0.6497548958396948,137.9616535739604
998,6.091806005331797,6.356152762983665,12889.242768281905
999,0.34021301354836386,5.2322340830235445,4711.179275473484
